{"iceland_tourism": 0.9473684210526316, "gdp_croatia": 0.8235294117647058, "ratner_stock": 0.7241379310344827, "rail_lines": 0.5365853658536585, "jfk_passengers": 0.7234042553191489, "us_population": 0.888888888888889, "robocalls": 0.6363636363636364, "construction": 0.6956521739130436, "scanline_126007": 0.9252336448598132, "usd_isk": 0.48866498740554154, "brent_spot": 0.5207667731629393, "homeruns": 0.6748971193415637, "debt_ireland": 0.4693877551020408, "nile": 1.0, "centralia": 0.7628865979381442, "measles": 0.9473684210526316, "unemployment_nl": 0.5663082437275986, "scanline_42049": 0.6675496688741722, "gdp_japan": 0.888888888888889, "businv": 0.5882352941176471, "gdp_argentina": 0.8235294117647058, "lga_passengers": 0.5347985347985348, "bitcoin": 0.3724978241949521, "children_per_woman": 0.40476190476190477, "shanghai_license": 0.7741935483870969, "co2_canada": 0.6905689789555729, "bank": 1.0, "global_co2": 0.5945945945945945, "ozone": 0.7234042553191489, "seatbelts": 0.4736842105263158, "well_log": 0.6024844720496895, "gdp_iran": 0.651685393258427, "apple": 0.59375, "run_log": 0.520754716981132, "occupancy": 0.5953517327246317, "bee_waggle_6": 0.9285714285714287}
